{
  "Workflows": [
    {
      "Path": null,
      "SortBy": 0,
      "VariablesSectionElementsOrder": null,
      "ArgumentsSectionElementsOrder": null,
      "ConstantsSectionElementsOrder": null,
      "AddedNamespaces": null
    },
    {
      "Path": "Main.xaml",
      "SortBy": 0,
      "VariablesSectionElementsOrder": [
        "Password&Sequence_33",
        "Username&Sequence_33",
        "config&Flowchart_1",
        "DT_Config&Sequence_25",
        "Sheets&Sequence_25",
        "Numbers&Sequence_5",
        "제곱&Sequence_5",
        "Numbers&Sequence_7",
        "Result&Sequence_7",
        "DT_Employee&Sequence_10",
        "Result&Sequence_10",
        "DT_Result&Sequence_10",
        "Age_Sum&Sequence_10",
        "DT_Employee&Sequence_11",
        "Result&Sequence_11",
        "DT_Employee&Sequence_13",
        "Result&Sequence_13",
        "DT_Result&Sequence_13",
        "Json_Text&Sequence_15",
        "Json_Object&Sequence_15",
        "DT_New&Sequence_15",
        "innerObject&Sequence_16",
        "icName&Sequence_16",
        "xValue&Sequence_16",
        "yValue&Sequence_16",
        "Json_Text&Sequence_17",
        "Json_Array&Sequence_17",
        "DT_1&Sequence_19",
        "DT_2&Sequence_19",
        "DT_Result&Sequence_19",
        "Is_First&Sequence_20",
        "DT_Destination&Sequence_20",
        "DT_Source&Sequence_21",
        "Dic_Name&Sequence_24",
        "Text&Sequence_31"
      ],
      "ArgumentsSectionElementsOrder": [],
      "ConstantsSectionElementsOrder": [],
      "AddedNamespaces": null
    }
  ]
}