{
  "Workflows": [
    {
      "Path": null,
      "SortBy": 0,
      "VariablesSectionElementsOrder": null,
      "ArgumentsSectionElementsOrder": null,
      "ConstantsSectionElementsOrder": null,
      "AddedNamespaces": null
    },
    {
      "Path": "Main.xaml",
      "SortBy": 0,
      "VariablesSectionElementsOrder": [
        "WIID&Sequence_12",
        "WIID&Sequence_19",
        "Text&Sequence_20",
        "ID&Sequence_20",
        "Name&Sequence_20",
        "Country&Sequence_20",
        "TransactionItem&Flowchart_1",
        "URL&Sequence_8",
        "Country&Sequence_14",
        "Name&Sequence_14",
        "ID&Sequence_14",
        "Text&Sequence_14",
        "ExtractDataTable&Flowchart_1",
        "config&Flowchart_1",
        "Sheets&Sequence_3",
        "DT_Config&Sequence_4",
        "Username&Sequence_8",
        "Password&Sequence_8"
      ],
      "ArgumentsSectionElementsOrder": [],
      "ConstantsSectionElementsOrder": [],
      "AddedNamespaces": null
    },
    {
      "Path": "System1/ExtractWI5Data.xaml",
      "SortBy": 0,
      "VariablesSectionElementsOrder": [],
      "ArgumentsSectionElementsOrder": [
        "ExtractDataTable"
      ],
      "ConstantsSectionElementsOrder": [],
      "AddedNamespaces": null
    },
    {
      "Path": "시퀀스.xaml",
      "SortBy": 0,
      "VariablesSectionElementsOrder": [],
      "ArgumentsSectionElementsOrder": [
        "in_A",
        "in_B",
        "out_Total"
      ],
      "ConstantsSectionElementsOrder": [],
      "AddedNamespaces": null
    },
    {
      "Path": "../250217_Day1/Main.xaml",
      "SortBy": 0,
      "VariablesSectionElementsOrder": [
        "config&Flowchart_1",
        "Test&Sequence_38",
        "Numbers&Sequence_5",
        "제곱&Sequence_5",
        "Numbers&Sequence_7",
        "Result&Sequence_7",
        "DT_Employee&Sequence_10",
        "Result&Sequence_10",
        "DT_Result&Sequence_10",
        "Age_Sum&Sequence_10",
        "DT_Employee&Sequence_11",
        "Result&Sequence_11",
        "DT_Employee&Sequence_13",
        "Result&Sequence_13",
        "DT_Result&Sequence_13",
        "Json_Text&Sequence_15",
        "Json_Object&Sequence_15",
        "DT_New&Sequence_15",
        "innerObject&Sequence_16",
        "icName&Sequence_16",
        "xValue&Sequence_16",
        "yValue&Sequence_16",
        "Json_Text&Sequence_17",
        "Json_Array&Sequence_17",
        "DT_1&Sequence_19",
        "DT_2&Sequence_19",
        "DT_Result&Sequence_19",
        "Is_First&Sequence_20",
        "DT_Destination&Sequence_20",
        "DT_Source&Sequence_21",
        "Dic_Name&Sequence_24",
        "DT_Config&Sequence_25",
        "Sheets&Sequence_25",
        "Text&Sequence_31",
        "Username&Sequence_33",
        "Password&Sequence_33"
      ],
      "ArgumentsSectionElementsOrder": [],
      "ConstantsSectionElementsOrder": [],
      "AddedNamespaces": null
    }
  ]
}